1653359233,Dat Trinh,0987654321,Huế,2022-05-08T12:37:29.997379200Z
1653365482,Long Vo,0123456789,Hue,2022-05-08T12:37:29.997379200Z
1639235801,Ngoc Nhu,0987654321,Huế,2022-05-08T12:37:29.997379200Z
1653379110,Van Thanh,0147258369,Huế,2022-05-08T12:37:29.997379200Z
1655284490,Code Gym,0987654321,Huế,2022-05-08T12:37:29.997379200Z
1653357190,Hoang Tuan,09357212111,Huế,2022-05-08T12:37:29.997379200Z
1653458181,Hue Anh,09357212111,Huế,2022-05-08T12:37:29.997379200Z
1655479756,Minh Loc,0935721494,28 Hue,2022-05-08T12:37:29.997379200Z
1655696708,Mathew Haughey,0987654321,1 Nguyen Hue - Hue,2022-06-20T03:46:02.954Z
1655696924,Mathew John,0987654321,10 Ben Nghe - Hue,2022-06-20T03:49:54.746Z
1655697040,SamCrai,0987654321,10 Ben Nghe,2022-06-20T03:51:07.482Z
1655732798,Claude,0987654321,28 Nguyen Hue - Hue,2022-06-20T13:47:17.248Z
